id,sentence,difficulty
4358,Je me souviens d'une anecdote en particulier.,A2
1856,Il joue au football depuis cinq ans.,A1
1388,Nous avons voulu visiter le musée et nous avons dû payer l'entrée.,B1
3719,Un technicien fait le nécessaire et vous rappelle dans une heure environ.,A1
2386,"Ici, dans le palais, l'air était lourd et étouffant, mais, dans la forêt, le vent soufflait librement et le soleil, de ses caressants doigts d'or, écartait les feuilles frémissantes.",C1
3236,Puis je vais passer à la poste pour envoyer un colis à ma grand-mère,A2
1540,"Comme au judaïsme, il lui oppose l'idée d'une ""jouissance sanctifiée"".",C2
1217,Je ne te crois pas.,A1
2681,"Bref, la démocratie a les tempes blanchies.",B2
2993,Quel âge as-tu ?,A1
1191,Je me réjouis de te revoir pendant les vacances.,A2
1542,Avez-vous quelque chose à déclarer ?,A1
3301,"Mon réveil sonne à six heures et démie, je me rendors pendant un quart d'heure et je me lève vers sept heures moins le quart",A1
3324,Je reste en famille.,A1
2539,"Selon les pronostics, de 50 à 90 % des langues parlées aujourd'hui mourront au cours de ce siècle.",C1
953,La journée est longue pour lui,A2
4330,Qu'est-ce qui contribue à ces troubles ?,B1
732,"Ellénore, rendez-vous à ma prière ; vous y trouverez quelque douceur.",C2
1156,Nous ne nous attendions pas à un tel buzz.,B1
3294,"Après avoir identifié les inconvénients de la robotisation, j'exposerai ses avantages.",B2
2982,Les bioessais effectués ont montré que les mêmes symptômes de morbidité sont observés chez les deux espèces et avec les deux métaux.,C2
2156,J'ai reçu un appel.,A2
1062,C'est même la première fois que nous voyons deux ouragans majeurs se produire au mois de novembre,A2
2616,Quelle est votre ville d'origine ?,A1
1167,"Le bébé pleure depuis des heures, il a faim.",A1
3222,Les Inuits pourraient porter plainte contre les Etats-Unis.,B2
3636,Je me suis creusé la tête sans relache durant des heures pour résoudre ce casse-tête chinois.,C1
2938,Elle apparaît ainsi comme une valeur centrale et même prioritaire.,B2
3140,"Il décrivait aussi les longues arènes entourées de gradins où s'exerçaient les jeunes hommes, le labeur patient par lequel ceux-ci se préparaient aux jeux, et les soins incessants qui, après de longues années, leur méritaient les odes des poètes, les acclamations de la foule et les honneurs des cités.",B2
143,"Force est de constater que l'écart se creuse entre les pays en développement qui, progressivement, sortent de la pénurie chronique, et ceux qui stagnent ou régressent dans leur combat contre la faim.",C1
3577,Conservation ou exploitation ?,B2
2782,On demontre des formules d'addition pour cette section theta qui generalisent en particulier la formule trisecante de fay.,C2
717,"Il savait que le souvenir même du piano faussait encore le plan dans lequel il voyait les choses de la musique, que le champ ouvert au musicien n'est pas un clavier mesquin de sept notes, mais un clavier incommensurable, encore presque tout entier inconnu, où seulement çà et là, séparées par d'épaisses ténèbres inexplorées, quelques-unes des millions de touches de tendresse, de passion, de courage, de sérénité, qui le composent, chacune aussi différente des autres qu'un univers d'un autre univers, ont été découvertes par quelques grands artistes qui nous rendent le service, en éveillant en nous le correspondant du thème qu'ils ont trouvé, de nous montrer quelle richesse, quelle variété, cache à notre insu cette grande nuit impénétrée et décourageante de notre âme que nous prenons pour du vide et pour du néant.",C2
1819,"Oui, je vais le faire !",A2
2502,"Car sans incertitude nous serions cantonnés à une vie morne, dont la fresque ne serait teinte que de dégradés de gris, en absence complète de couleurs",C2
4171,"Députés et membres de la Convention ont ainsi été conviés par le gouvernement à cinq réunions pour ""présenter les orientations retenues"".",C1
395,L'âme mobile de la comtesse embrassa avec enthousiasme l'idée de ce nouveau genre de vie ; il y avait vingt ans qu'elle n'avait habité ce château vénérable s'élevant majestueusement au milieu des vieux châtaigniers plantés du temps des Sforce.,C1
4645,"J'ai fait un aprèm chill, en mode lecture, chat et canapé.",C1
1365,"Lucie entama d'un air brave sa cavatine en sol majeur; elle se plaignait d'amour, elle demandait des ailes.",C2
4403,"Les lois de programmation mentionnées à l'antépénultième alinéa de l'article 34 de la Constitution ont pour objet de déterminer ""les objectifs de l'action de l'État"".",C2
595,"À cette occasion, a été annoncé un grand plan vélo destiné à faire décoller enfin ce mode de transport, notamment grâce à l'indemnité kilométrique : ce dispositif autorise l'employeur à dédommager ses salariés se rendant au travail à vélo (environ 0, 25 euro par kilomètre parcouru).",B2
3952,L'île était assez grande.,A1
2914,"Elle les renvoie à leur cinquantaine, dont ils ne veulent pas entendre parler, eux qui se sentent en pleine maturité, surtout s'ils ont réussi socialement.",C1
2326,"Machine intelligente (capable d'apprentissage), utilisée déjà dans le contexte des loisirs, de l'éducation, de la médecine, de la police, de l'armée, de la conquête spatiale, etc., le robot est voué à exécuter toutes les tâches pour lesquelles on voudra, ou pourra, le programmer.",C2
3766,"Au moment de payer, notre petit garçon est toujours volontaire.",A2
3440,"Curieusement, l'actuel président du groupe Radio-France ne se souvient pas du débat après l'arrivée de Monsieur : ""Son arrivée n'a pas été critiquée, car il était évident que Monsieur avait beaucoup de présence à la radio.",B1
3851,"Le soir, pour me détendre, j'écoute de la musique ou je regarde un peu la télé",A1
4132,Une revue avec laquelle il fait bon se poser,A2
4662,Chacun a duré un an et un jour.,B1
2143,"Parfois, le matin, alors qu'elle était absorbé par quelque tâche solitaire, tout occupée à cueillir des champignons ou des framboises, ou à coudre, ou à lire un livre de philosophie qui l'ennuyait, mais il fallait se cultiver pour lui, ou à lire avec honte et intérêt le courrier du coeur ou l'horoscope d'un hebdomadaire féminin, elle s'entendait tout à coup murmurer tendrement deux mots, sans l'avoir voulu, sans avoir pensé à lui.",C2
1571,"Comme il ne pouvait pas sortir, il s'enveloppa dans son manteau, se coucha à terre, et dormit comme les serpents.",A2
4079,"Ses différentes facettes, de l'amour, dans les relations intimes, à la conscience d'appartenir à une commune humanité, sont le ciment du projet individualiste.",C1
1122,"Les pèlerins partagèrent alors cette célébration avec leurs voisins indiens, et ceux-ci apportèrent alors des dindes à rôtir",C1
2786,"Selon le document, le projet pourrait permettre d'améliorer le système d'évaluation grâce à la technologie.",B2
2967,"La promenade pédagogique et interactive dans les différents jardins (médiéval, tropical, espèces odorantes et protégées) fera appelà tous vos sens et vous expliquera les vertus et les utilisations des plantes.",B2
2504,"Inversement, les régions tempérées lointaines n'intéressent que médiocrement les colonisateurs jusqu'à l'explosion démographique du Vieux Continent au XIXe siècle, moment où les pays neufs deviennent des polongements européens.",C2
3465,Elle commémore la résurrection de Jésus mais fête aussi le printemps,B1
675,"La locomotive, dirigée par le bras d'un mécanicien anglais et chauffée de houille anglaise, lançait sa fumée sur les plantations de cotonniers, de caféiers, de muscadiers, de girofliers, de poivriers rouges.",B2
2808,"Com' est l'abréviation de communication, de commandant, de communion, de commerce - le petit com du coin, ainsi de suite.",B2
3348,Je vais au travail en transports tous les jours.,A1
728,Les adaptations cinématographiques détruisent l'image fictive donnée par les oeuvres littéraires.,B2
412,Il est considéré comme un membre de la famille à part entière.,A2
3146,"En particulier, chez les adolescents qui perçoivent leur réseau amical dans la vie réelle comme étant de faible qualité, les longues durées passées sur Facebook sont associées à davantage de troubles dépressifs et d'anxiété sociale.",C1
1516,Cet essor est lié à la mise en place de mesures fiscales favorables aux parents.,C1
825,"Le principe général adopté pour identifier les zones de vulnérabilité repose sur la ""méthode de la suppression"" : partant d'une certaine métrique de connectivité calculée pour l'ensemble du graphe, elle consiste à simuler successivement la suppression de tous les éléments du graphe (taches ou liens) et à calculer pour chacun le taux de variation entre la valeur initiale de la métrique et la valeur tenant compte de la suppression.",C1
3267,"Il y en avait un qui était un haut compartiment divisé en une centaine de petits vitraux rectangulaires où dominait le bleu, comme un grand jeu de cartes pareil à ceux qui devaient distraire le roi Charles vi ; mais soit qu'un rayon eût brillé, soit que mon regard en bougeant eût promené à travers la verrière, tour à tour éteinte et rallumée, un mouvant et précieux incendie, l'instant d'après elle avait pris l'éclat changeant d'une traîne de paon, puis elle tremblait et ondulait en une pluie flamboyante et fantastique qui dégouttait du haut de la voûte sombre et rocheuse, le long des parois humides, comme si c'était dans la nef de quelque grotte irisée de sinueuses stalactites que je suivais mes parents, qui portaient leur paroissien ; un instant après les petits vitraux en losange avaient pris la transparence profonde, l'infrangible dureté de saphirs qui eussent été juxtaposés sur quelque immense pectoral, mais derrière lesquels on sentait plus aimé que toutes ces richesses, un sourire momentané de soleil ; il était aussi reconnaissable dans le flot bleu et doux dont il baignait les pierreries que sur le pavé de la place ou la paille du marché ; et, même à nos premiers dimanches quand nous étions arrivés avant pâques, il me consolait que la terre fût encore nue et noire, en faisant épanouir, comme en un printemps historique et qui datait des successeurs de saint Louis, ce tapis éblouissant et doré de myosotis en verre.",C2
3974,Tu penses que la bibliothèque est ouverte ?,A1
616,La consommation sera encadrée par du personnel et éloignée des lieux publics,B2
114,"Si sept millions de citadins rêvent de refaire leur vie aux champs, tous ne passent pourtant pas à l'acte. ""Il y a toujours un événement déclencheur"", constate la directrice de Changer tout.",B2
417,"Je vous ai dit, c'est une fille bizarre.",A2
3069,"On constate, en outre, que la chauve-souris peut voler malgré l'ablation d'une notable étendue de la membrane de ses ailes, pourvu que la partie restante corresponde aux espaces interdigitaux.",C2
1625,"Jamais, moi je parlerai comme ça de mon père.",A2
4751,"Les langues sont un système de signes, constitués en lexique, pour construire des énoncés",C2
4185,Le parc national de Chamonix a besoin de 5 guides pour l'été.,A1
2896,La police cherche le voleur de mon vélo.,A1
4489,"Pour pallier le manque de compétences transversales, la créativité dans les salles de classe de tous âges pourrait être le fait des élèves eux-mêmes, en devenant des ""proconsommateurs"" - producteurs et consommateurs - de connaissances.",C2
2082,"À mon avis, par rapport à la journée scolaire de la plupart des pays européens, on n'a pas de chance: on est obligés de se lever tôt et de travailler tard.",B1
753,"Deux Mulets cheminaient, l'un d'avoine chargé, l'autre portant l'argent de la gabelle.",B2
2546,Après cette déclaration héroïque la comtesse ne voulut plus des chevaux ni de la loge du comte N. Mais depuis quinze ans elle était accoutumée à la vie la plus élégante : elle eut à résoudre ce problème difficile ou pour mieux dire impossible : vivre à Milan avec une pension de quinze cents francs.,C1
3969,"Ou plutôt, il ne se la pose plus : il n'aime pas l'école, il la déteste.",A2
3373,Vous allez au restaurant.,A1
4107,"À l'heure actuelle, pour 7 milliards et demi d'individus, on compte 4 milliards de postes de radio, 4 milliards de télévisions, 2 milliards de téléphones portables, 2 milliards d'ordinateurs.",B2
2444,Et si nous allions au cinéma,B1
4380,"Aujourd'hui, la classe inversée, une innovation pédagogique qui rencontre un succès sans précédent.",C1
1066,Quelqu'un a essayé de brûler la maison et on ignore qui et pourquoi.,B1
3913,"Nous devons apprendre une multitude de langages: scientifiques tels le numérique, les langues étrangères, les langages des sons et des images, le langage du corps.",C2
3498,Ma mère viendra en France.,B1
2738,"Un jour, en sport, je prends le ballon sur le nez.",A2
4000,"Ce licol : Le terme licol"" n'est plus très utilisé.",A2
1568,"Deux passions artistiques qui lui permettent d'accéder à son premier rôle au cinéma : celui d'une professeure de piano dans le film Au revoir les enfants, de Louis Malle.",C1
2427,"Pour moi, c'est pas du tout frustrant, je suis très content de partir en France et ça faisait très longtemps que j'avais envie de venir en Bretagne, donc pour moi, c'était une très bonne opportunité.",B1
3746,"Elle sourit involontairement de vanité, en voyant la foule qui se précipitait à droite par l'autre corridor, tandis qu'elle montait l'escalier des premières.",C2
4457,J'en profite pour me baigner à la rivière avec mes cousins presque tous les jours !,A2
1687,"En le voyant, vous comprendez mieux.",B1
851,"La misandrie est une haine-réponse, dans un contexte de domination patriarcale qui est lui-même violent envers les femmes.",C2
3546,Tu es un vrai chef cuisinier,A1
895,Nous crûmes longtemps que nos ancêtres eurent vécu une vie de rêve.,C2
335,Les vacances approchent et j'aimerais bien te voir !,A2
2839,"Thomas Garnier s'occupe de la communication numérique du château de Versailles, et c'est lui qui imagine ces petites vidéos ludiques de plus en plus visibles sur les réseaux sociaux.",B2
3087,"Pourquoi ne redeviendrait-il pas la belle plante humaine, robuste et droite, qu'il était hier encore, avant que l'humidité des caves morlaisiennes n'eût aigri sa sève et noué ses rameaux ?",C2
1348,Bien sûr que tu vas y aller.,A1
1015,"Pour le mariage mixte, le choc culturel est presque certain.",B2
2816,Je fais ma toilette et je prends mon petit déjeuner,A1
1631,"Mais à la fin, monsieur, quelle raison avez-vous de haïr Montfleury ?",B1
2489,"Revue une fois, elle sera cette fois plus facilement accessible""",C1
3730,Nous nageons dans la piscine.,A1
3251,"Ce soir, nous ne faisons pas la fête parce que nous devons nous lever tôt.",A2
4452,Débuter la journée par un premier repas organisé autour d'une de ces boissons dopantes que l'on sucre peut sembler passablement anecdotique.,C2
2070,"Cette somme comprend les dépenses d'électricité et de chauffage au domicile principal et, le cas échéant, au domicile secondaire, ainsi que les dépenses pour l'essence ou le diesel.",C1
4688,Un phénomène d'autant plus inquiétant que ce n'est pas la première fois qu'il se produit,A2
1635,"Le rap, c'est plus pour moi ""boom bap"", un peu ce qui se faisait avant",A2
2479,"Du haut de la Tour Eiffel, on peut voir les principaux monuments de Paris",B1
2265,Le ministre de l'Education nationale a assuré que ces étudiants seront rémunérés pour la réalisation de ces tests.,B2
2959,"Les outils numériques contribuent à la formation des élèves. On aurait préféré une réfexion collective sur la place du numérique à l'école plutôt que de découvrir que le sujet serait à nouveau relancé, sans dialogue.",B2
3059,Il ne pourra pas rentrer en boîte de nuit puisqu'il a perdu sa carte d'identité.,A2
2141,"Un enseignement fondé sur l'expérimentation et la pratique, des objectifs d'apprentissage transversaux, des actions tournées en priorité vers la formation continue des enseignants, menées en collaboration avec la communauté scientifique et professionnelle : le travail de défrichage réalisé par la fondation dans le domaine des sciences pourrait s'appliquer parfaitement à la problématique de l'enseignement de la culture informatique.",C2
3118,"Vous parlez de la loi en général, mais vous oubliez de préciser que ce texte n'est pas voté!",B1
4542,"C'est une question de vie ou de mort, martèle Sheila Watt-Cloutier.",C1
4045,Il sera nécessaire de faire un effort de pédagogie pour faire adopter ces nouvelles technologies qui se banalise-ront.,C2
3356,"Cette idée brillante m'est venue hier en rêvamt, je vais tout t'expliquer.",B1
2744,Cette histoire ne ressemble pas à celle de Vacances romaines.,A1
3506,"La vie est plus saine, l'air est pur et la vie est moins chère qu'en ville",B1
1679,"Oui, je l'ai reçue hier.",B1
4249,"Cet après-midi, avec mes amis nous allons au cinéma.",A1
3147,"Bien que, en ce sens, différentes réactions synthétiques puissent avoir lieu indépendamment des êtres vivants, il est d'usage de ne désigner par ce mot que la capacité des végétaux chlorophylliens à assimiler le dioxyde de carbone ou gaz carbonique, à la lumière, avec formation de substances organiques.",C1
2294,"Si les produits anti, pré et probiotiques agissent sur le comportement, en modifiant la composition de la flore intestinale, ils pourraient donc servir de médicaments psychotropes.",C1
580,Bonjour à tous !,A1
1470,"Alors après, on va bien distinguer dans les dettes : les dettes publiques, privées, multilatérales.Voilà, parce que de quelles dettes parle-t-on ?",B2
4070,Nous avons commencé un nouveau cours,A2
3343,"Dès que Fabrice fut sorti de la petite ville, marchant gaillardement le sabre de hussard sous le bras, il lui vint un scrupule.",C1
3672,"Tout comme les comportements des animaux sont déterminés par l'instinct, leur environnement ou des déterminations biologiques, les actes et les pensées des hommes le sont eux-mêmes par de multiples facteurs à la fois internes et externes dont on ignore le plus souvent l'existence et la puissance : facteurs d'origine physiologiques, psychologiques, sociales, etc",C2
559,"La seconde modernité y adjoint un individualisme plus concret qui valorise la construction des identités de chacun et de chacune, puisque l'émancipation des femmes ressortit de cette période.",C1
2849,"C'est pourquoi, il décida de remplacer les habi-tuelles portes automatiques par des portiers en superbe livrée, ce qui donna un caractère très luxueux à cet aéro-port.",C2
512,"Un seigneur quelque peu infernal les attire, un sourire dangereux les trouble.",C1
1081,"En musique, l'épanadiplose est une ressource d'effets mélodiques des comptines.",C2
1664,Nous bénéficions de moyens financiers suffisants et justifier les raisons de leur séjour,C1
1012,"Le lendemain, en se promenant, il rencontra un gueux tout couvert de pustules, les yeux morts, le bout du nez rongé, la bouche de travers, les dents noires, et parlant de la gorge, tourmenté d'une toux violente et crachant une dent à chaque effort.",C1
1931,Elle passe aussi à la boulagerie et elle achète une baguette toute chaude et des croissants pour le petit-déjeuner,A1
1150,L'école a-t-elle fait changer le monde ?,A2
2838,"J'ai 23 ans, je parle chinois, j'aime la lecture !",A1
116,Après tout que lui offre-t-elle à part de l'ennui et une grosse boule d'angoisse au creux du ventre ?,A2
740,"Lorsqu'une jeune femme aveugle e effleuré cette inscription en braille sur le mur de l'église Sainte-Croix de Nantes, elle a éclaté de rire",C1
4616,Je suis content car je ne le vois pas souvent,A2
3675,"Vous pouvez expliquer encore une fois, s'il vous plaît ?",A1
830,Elle est chanteuse.,A1
119,Ces tanières se fondent dans la nature pour être quasiment invisibles.,C1
4590,"une requête est une demande, une sollicitation, une prière.",B1
4553,"Après son repas, il retourne à la salle de bain pour se brosser les dents et pour aller aux toilettes.",A2
635,"Ce matin, Sarah est triste.",A1
4465,A regarder en VO pour ne rien perdre de ce décalage.,B1
4364,"Et, depuis sept ans, la Sorbonne forme des promotions de licenciés ès ""écrivain public, assistant en démarches administratives et en écritures privées"" qui iront exercer leurs talents dans les multiples secteurs que couvre la profession.",C1
4142,Leur capacité de concentraction s'effiloche.,B2
991,"Quand j'ai attteint mes 1 ans et demi, j'ai appris à marcher de manière autonome et assurée.",B1
876,"De la loi Toubon aux exigences de passage de musique en langue française à la radio, notre protectionnisme culturel fait tout son possible pour nous protéger des langues étrangères",C2
4,"Dans les écoles de commerce, dans les couloirs de places financières, il arrive aujourd'hui de croiser de jeunes adultes de 20 ou 25 ans qui prévoient d'ouvrir une maison d'hôtes ""dans une quinzaine d'années"".",B1
3051,Aucune décision russe n'est attendue avant l'élection présidentielle de mars.,C1
3124,"Des divergences profondes peuvent apparaître dans les orientations proposées par chacun d'entre eux en matière de respect de l'autorité, de liberté, d'exercice des responsabilités, de dispense de câlins, etc.",C2
2660,Je vais aller prendre du pain à la boulangerie pour le petit-dejeuner.,A2
2491,"Mais, quand d'un passé ancien rien ne subsiste, aprés la mort des êtres, après la destruction des choses, seules, plus frèles mais plus vivaces, plus immatérielles, plus persistantes, plus fidèles, l'odeur et la saveur restent encore longtemps, comme des âmes, à se rappeler, à attendre, à espérer, sur la ruine de tout le reste, à porter sans fléchir, sur leur gouttelette presque impalpable, l'édifice immense du souvenir.",C2
3854,"Ensuite, nous pouvons difficilement prévoir la quantité d'essais à gérer en parallèle.",B2
1715,"Mesdames, votre attention, s'il vous plaît.",A1
1148,"Dans le sac, il y a un téléphone, des clés, un ordinateur, une photo et un portefeuille",A1
3261,Vincent cherche une idée de cadeau pour le départ de sa collègue de bureau,A2
574,Tu as passé une bonne journée.,A1
3769,Rien ne va plus: les primaires du parti socialiste tournent en eau de boudin.,B2
3736,"Le deuxième profil représente les cantons qui ont des instruments de contingentement spatial à l'apparence similaires à ceux du premier groupe, mais qui sont utilisés avec une précision moindre et ouvrant plus facilement la porte à des exceptions et à des modifications des limites des zones constructibles.",C2
4146,"Là, la trap, ça vient tout droit des States et c'est tout nouveau en fait dans le rap",A2
853,"En attendant, de petites formations d'initiation à l'algorithmique et au langage informatique ont été réalisées pour les professeurs des écoles et des collèges, les inspecteurs et les formateurs d'IUFM (Institut Universitaire de Formation des Maîtres).",B2
1982,Un débat public et démocratique est donc nécessaire!,C1
2774,Toute défection démocrate doit donc être compensée par un vote républicain.,B2
1166,"Alors qu'elle revenait du marché à travers la brousse, une femme laisse tomber une cruche et continue son chemin sans s'apercevoir de rien.",A1
971,D'autre part les pays détenant une partie de la forêt tropicale en font une source de revenus optimale à court terme.,B2
2701,"Les jambes sont visiblement instituées pour être chaussées, et nous avons des chaussures.",B2
3847,"Que les marquis se taisent sur leurs bancs, ou bien je fais tâter ma canne à leurs rubans !",C1
2368,"Oui, je parle un peu.",A1
4115,"Certains produits leur devinrent ensuite indispensables, en particulier le sucre.",C2
4131,"De mes fenêtres, je vois la Seine qui coule, le long de mon jardin, derrière la route, presque chez moi, la grande et large Seine qui va de Rouen au Havre, couverte de bateaux qui passent.",B2
2950,"Elle travaillera principalement à l'accueil au début, puis en salle pour assurer le service des clients avec les équipes du midi et du soir.",B1
524,Ma mère m'a exceptionnellement laissé boire du vin chaud même si je n'ai normalement pas le droit,B1
2455,Nous sommes normalement à un moment de l'année où ce genre de phénomènes est en train de diminuer,A2
1841,"Enfermés dans la souricière d'amour, condamnés aux travaux d'amour à perpétuité, ils étaient couchés l'un près de l'autre, beaux, tendres aimants et sans but.",C2
537,Disons que la coopération fait partie de l'arsenal pédagogique des élèves.,C1
2806,J'en profite pour faire une grasse-matinée et je sors de mon lit à dix heures.,A1
4341,"Grâce à un bienfaiteur, Julien a grandi dans une famille qui s'est occupée de lui et qui l'a éduqué.",A2
3175,"Franny Stone et son mari Niall, ornithologue, ont été aux avant-postes du crépuscule de la biodiversité.",C1
784,Il apprendra à ne pas courir après un ballon ou à ne pas avoir peur du klaxon des voitures.,B1
4057,On se battait donc enfin !,B2
1409,Sa voiture rouge est très rapide.,A1
2537,"Sans son manteau et ses gants, ils seraient morts de froid.",B2
154,"Alors qu'au cours du Paléolithique, la diffusion avait fractionné l'écoumène en petits groupes, la tendance depuis la fin de la dernière glaciation est à l'épaississement des relations dans l'Ancien Monde, par augmentation des effectifs et par tissage d'interconnexions.",C2
3009,"Par exemple, lorsque le chien signale quelque chose, le maître doit comprendre le sens.",B1
1686,Nous savions pertinemment qu'être aussi justes financièrement n'était pas normal.,B2
2901,Ils ont deux enfants : un fils qui s'appelle André et une fille qui est très gentille.,A1
4750,Le héros mourait héroiquement des suite des ses blessures à la fin du film.,B1
3863,L'idéal est évidemment que le parent sache sur quelles notions son enfant a achoppé durant l'année,C2
2733,"De plus, les agences nationales réglementaires de notre pays exigent de nous davantage de qualité, de sécurité et de fiabilité.",B2
1895,"Son fils l'aide, mais il est encore très jeune : il n'a que treize ans, ce n'est pas encore un guerrier.",A2
569,"Dans ces lieux imaginés, rien ne nous perturbera",C2
1816,Je ne me le suis jamais demandé.,A2
2065,J'eusse dû te le confier en amont de notre conversation avec les investisseurs,C2
127,On semble oublier que le personnel en milieu scolaire applique déjà cette mesure.,B2
3394,C'était une soirée comme les autres.,B1
3327,Ce mémoire concerne l'étude de la retrocycloaddition d'oxazolidines conduisant a l'espece reactive ylure d'azomethine.,C2
4786,Qu'est-ce que c'est ?,A1
2975,"Cette fête est encore traditionnellement fêtée en France, même si, comme pour Noël, elle a souvent perdu son aspect religieux",B1
980,Je suis restée quatre semaines à Boston dans une famille.,A2
2300,"L'Auberge du Presbytère nous attendait, chambre des vicaires",C2
190,"Après l'ambiance de luxe, ici c'est comme un tranquille village",B1
1139,Hier s'est terminé le Salon de la pâtisserie de Paris.,A2
699,Il est l'heure de déjeuner !,A1
4591,"Les genoux au menton, les bras croisés sur la poitrine, il se fit boule pour mieux interroger le mot qui ne quittait jamais longtemps sa pensée.",C1
606,Il a un pantalon vert et une chemise blanche,A1
4276,Ne t'inquiète pas.,A1
301,"Ils déjeunèrent face à face, se regardant et se souriant sans cesse, occupés uniquement d'eux, tout enveloppés par le charme si doux d'une tendresse qui commence.",C1
3420,Je vous saurais gré de bien vouloir me donner votre réponse dans les plus brefs délais,C2
4630,Vous allez bientôt avoir une grande surprise !,A1
1060,"Nous voulûmes donner suite à sa requête, mais nous dûmes nous résoudre et nous nous tûmes sur les tenants et aboutissants.",C2
2565,Il y a une armoire ?,A1
4794,Elle connaissait à présent la petitesse des passions que l'art exagérait.,C1
1069,"Bref : réfléchir à l'utilisation que vous allez en avoir et non pas en fonction du prix, même mini !",A2
2524,"Mais cette année, nous ne savons pas si nous pourrons y aller.",B1
2205,Les trafiquants d'êtres humains prétendent garder les passeports de leur victimes pour mettre ces documents en lieu sûr.,B2
1243,Je regarde un film en allemand.,A1
16,Je pense que fréquenter les galeries est la meilleure manière d'éduquer son oeil à l'art contemporain.,B2
3120,"Les grainetiers, les grands grainetiers québécois n'ont plus de stock, et donc l'approvisionnement est rendu difficile.",B2
815,Quel films est-ce que tu préfères ?,A2
3067,"Ils respiraient la nuit diamantée d'étoiles, écoutaient les remuements ténus des feuilles dans les arbres, murmures de leur amour.",C2
959,Dans l'intérêt d'une sécurité optimale pour le bénéficiaire elles sont toutefois indispensables.,C1
225,Twitter va bannir les utilisateurs en cas de désinformation répétée sur les vaccins.,B2
3354,Anna franchit le seuil et se débarrassa de ses chaussures.,B2
2485,Ce sont elles qui les comptent et les mettent dans notre panier.,A2
562,"Aussitôt installés derrière nos pupitres, nous commençâmes la discussion thématique inscrite à l'ordre du jour.",C2
3436,Le fait est méconnu mais l'Afrique a aussi un marché carbone qui valorise les efforts environnementaux des entreprises.,C1
1693,"Ils auraient voulu que ces vacances ne finissent jamais, mais ils rentrés des souvenirs plein la tête",B2
1045,"D'autres, comme le Front de Libération des Animaux (Animal Liberation Front), considèrent la chose du point de vue animal et soutiennent que les animaux ne doivent pas être considérés comme des 'ressources renouvelables' assujetties à l'exploitation humaine.",C1
3446,"Célibat, sous-fécondité a l'échelle ibérique et départs forment ainsi un système régulateur de la croissance démographique.",C2
954,"Ne te couche pas trop tard, tu vas à l'école demain.",A1
4785,Je vais vous donner une traitement qui va vous aider.,B1
2735,"Cette communauté arctique d'une centaine d'âmes, isolée sur une île de la mer de Beaufort, a répertorié les changements observés depuis le début des années 90 : hivers moins rigoureux, hausse du niveau de la mer, formation de la glace plus tard dans la saison et dégel avancé, fonte du permafrost, arrivée de nouvelles espèces animales (rouges-gorges, saumons).",C1
4709,"Il prévoit que les plantations de forêts sont déductibles des émissions de gaz à effet de serre (GES), puisque les arbres croissent en pompant le gaz carbonique dans l'air.",C1
4633,"Après un trajet en bus, il est heureux de retrouver la mer",B1
1218,Le journal a été emporté par un coup de vent.,B1
1527,En attendant la retraite.,A2
3987,Qu'est-ce que tu fais pour les vacances cette année,A1
1300,Tout le monde n'a pas l'argent pour se payer une machine à laver.,B1
4697,L'origine politique du sens moderne du mot Europe est claire: on est parvenu à l'idée d'Europe à partir de la notion d'équilibre européen.,C2
160,Ils suivaient une sente creuse que dominait des deux côtés un talus de six pieds de haut.,C2
4067,"À Milan, dix fois par jour il voyait le prince Eugène, et eût pu lui adresser la parole.",B2
956,Il faut les fabriquer.,B1
3791,"Sur le fond, il enclenche une politique progressiste",C1
3234,"Le jour de l'An correspond au 1 janvier ; on le fête avec ses amis ou sa famille, et on souhaite ""bonne année !"" à ses proches.",A2
2869,"Dans les écoles, les collèges et les lycées publics, le port de signes ou tenues par lesquels les élèves manifestent ostensiblement une appartenance religieuse est interdit.",B2
3777,"En allant à la campagne, nous aurions cueilli des petits fruits.",B2
4433,Voudrais-tu te joindre à nous ?,A2
2961,"Une dictature c'est quand les gens sont communistes, déjà.",B1
2200,"Là, il pourra visiter la fameuse basilique Notre Dame de Fourvière et contempler la splendide vue panoramique sur la ville de Lyon depuis le belvédère",B2
98,"Quand il y a des nuages avec de la neige qui tombe, c'est qu'il va neiger et qu'il peut y avoir du brouillard, des risques de congélation, de la glace et que la température sera très basse",B1
2557,"Faits divers, faits divers, alors qu'on est au printemps, faits divers alors qu'on est au printemps - ""d'hiver""",C1
3183,Je ne sais pas.,A1
253,Des coutumes similaires ont existé autrefois notamment dans le Finistère : les enfants s'amusaient à creuser des betteraves au moment de la Toussaint pour faire peur aux gens du voisinage,B2
3923,Mon grand-père nous adore et nous offre de nombreux cadeaux.,A2
4199,C'est avec grand plaisir que je vous envoie ce message pour vous décrire votre voyage à Paris en notre compagnie.,A2
1445,J'ai vu Christine et elle m'a dit que tout va bien pour toi.,A2
1648,Vous êtes donc à la rédaction d'Inter spécialiste des questions environnementales et nous fêtons aujourd'hui les trente ans du Conservatoire du littoral.,C1
3991,"Et dans votre pays, ça se passe comment ?",A2
1696,Il suffit de rester 30 minutes dans la cabine LIRVA pour être capable de se débrouiller dans toutes les situations de la vie quotidienne et dans la langue de son choix.,A1
3191,Les mères de mes amis d'école se sont rejoins devant la grille pour les attendre.,B1
4499,Le couple a très vite su ce qu'il voulait demander comme souhaits à la fée.,B1
1154,"Avec de nombreux professionnels, j'ai appelé, en tant que contrôleuse générale des lieux de privation de liberté (CGPL), à une vaccination massive du personnel et des prisonniers.",C1
2255,"C'est en décembre 1967, après bien des invectives au Parlement, que sa loi relative à la régulation des naissances, dite loi Neuwirth est votée : elle autorise la vente exclusive des contraceptifs en pharmacie sur ordonnance médicale, avec autorisation parentale pour les mineures",C1
1682,"Ce code, si l'on en jugeait par l'entêtement soudain qu'elle mettait à ne pas vouloir faire certaines commissions que nous lui donnions, semblait avoir prévu des complexités sociales et des raffinements mondains tels que rien dans l'entourage de Françoise et dans sa vie de domestique de village n'avait pu les lui suggérer ; et l'on était obligé de se dire qu'il y avait en elle un passé français très ancien, noble et mal compris, comme dans ces cités manufacturières où de vieux hôtels témoignent qu'il y eut jadis une vie de cour, et où les ouvriers d'une usine de produits chimiques travaillent au milieu de délicates sculptures qui représentent le miracle de saint Théophile ou les quatre fils Aymon.",C2
3170,Le pire coupable est ici la pratique quasi universelle du doublage des films et séries télévisées,C2
2056,"Avec une rentabilité de 1 500 à 3 000 euros par chambre et par an, l'aventure tourne parfois court.",C1
4090,"Aussitôt le prince manda près de lui les meilleurs et les plus endurants parmi les chasseurs et les paysans, parmi les vagabonds et ceux qui les poursuivent, parmi les soldats exercés aux longues marches et les messagers endurcis aux fatigues.",B2
3108,"Cette première étape est celle de l'apprentissage de l'autre, celle où chacun souhaite vaincre ses craintes et relever le défi.",C2
4548,"Les types de dette comprennent les leasings pour véhicule, les petits crédits ou crédits à la consommation, les achats par acomptes, les dettes auprès de la famille ou des amis, les hypothèques sur résidence secondaire, les arriérés de paiement ainsi que les comptes à découvert et les factures impayées sur les cartes de crédit.",C2
3723,"Le prince Charles, 56 ans, et sa compagne, Camilla Parker-Bowles, 57 ans, ne s'apprêtent-ils pas à convoler, enfin?",C1
2049,"Ces dernières années, j'avais un peu délaissé le piano et j'ai joué pendant une heure.",A2
3643,"Je passai quelques heures à ses pieds, me proclamant le plus heureux des hommes, lui prodiguant mille assurances de tendresse, de dévouement et de respect éternel.",C2
4730,Je sais en faire depuis que je suis très jeune,B1
623,"Le pays, qui pèse 17 % des émissions de GES, doit impérativement ratifier le protocole de Kyoto pour que celui-ci entre en vigueur.",C1
262,"Il avait pris sa belle valise verte qu'il trimballe depuis vingt ans, pour passer cinq jours de vacances près de Vannes chez sa vieille amie Sylvaine qu'il voyait beaucoup avant de vivre à Valencienne",B1
3369,"Alors qu'ils représentent 20 % de la population, les retraités forment déjà 30 % des électeurs.",B2
4061,"Ici, tout est immense, il y a du monde partout, les gens sont pressés c'est impressionnant !",B1
1802,Comment allez-vous aujourd'hui ?,A1
4792,"Les villages situés à mi-côte sont cachés par de grands arbres, et au-dessus des sommets des arbres s'élève l'architecture charmante de leurs jolis clochers.",C1
2385,"La comtesse se mit à revoir, avec Fabrice, tous ces lieux enchanteurs voisins de Grianta, et si célébrés par les voyageurs : la villa Melzi de l'autre côté du lac, vis-à-vis le château, et qui lui sert de point de vue ; au-dessus le bois sacré des Sfondrata, et le hardi promontoire qui sépare les deux branches du lac, celle de Côme, si voluptueuse, et celle qui court vers Lecco, pleine de sévérité : aspects sublimes et gracieux, que le site le plus renommé du monde, la baie de Naples, égale, mais ne surpasse point.",C1
1959,"Le personnage de Saul Goodman est créé pour conduire Walter et Jesse vers un trafic de drogue à plus grande échelle, suppléant à des personnages tels que Badger, un petit trafiquant ami de Jesse.",C1
2976,"Pour le plat de résistance de ce soir, je n'ai ni de tomates, ni de courgettes dans mon garde-manger.",B1
488,Je commence par un petit-déjeuner dans un café près de l'Arc de Triomphe avec des croissants délicieux,B1
1843,"Une fois déchiquetées et séchées, elles sont alors agglomérées en petits cylindres appelés ""palettes"".",B2
1734,Le marché fut bientôt conclu.,B2
2911,La nuit vient de tomber sur Calcutta et la tempête entre en ville avec une puissance terrifiante,A2
3219,"Le pauvre berger obéit , et tout à coup il se trouva assis sur le dos du dragon, qui volait rapidement par-dessus les montagnes et les mers.",B1
146,À très bientôt.,A2
1986,"Il arrive à sortir en jurant au roi des serpents qu'il ne révèlera pas le secret de la grotte (ni le lieu, ni comment y entrer).",B1
1369,Il faut inciter la population à refuser les pailles en plastique.,B2
2811,Les professeurs d'anglais préparent des cours sur le sujet et participent à sa diffusion auprès de la jeunesse,B2
659,"Le port à la ceinture aussi, de même que la panoplie de la frimeuse accomplie , décrite en ces termes : Doudoune volumineuse, chaussures à talon compensé et l'Indispensable Téléphone Portable.",B2
1794,J'ai entendu dire que le maire souhaitait supprimer le festival de chants folkloriques.,B2
2511,Nous allons au restaurant.,A1
3397,Ce besoin se conjugue à un sentiment national en progression et une fierté d'être Français très largement partagée.,C1
4282,C'est la belle qui a tué la bête.,A2
1147,Il ne peut en rester qu'un.,A2
3272,"Une indemnité versée aux cyclistes utilisant leur vélo pour se rendre au travail permet de réduire le coût d'achat du vélo et de participer aux frais d'entretien , précise Olivier Schneider, président de la FUB qui invite à ne pas voir le dispositif comme un privilège donné aux cyclistes, mais comme une façon de mettre le vélo sur un pied d'égalité avec les autres modes de transport.",B2
608,Giscard va pourtant réussir à transformer ce revers en tremplin,C1
3582,J'ai détesté la littérature à l'école en plus de ça,A2
1930,"Oui, elle est grande. Mais le lit est petit.",A1
197,"Parmi les habitants de la région, il y a ceux qui veulent revenir et ceux qui ne veulent pas",A2
2931,"C'est la saison la plus chaude, pendant laquelle on recommence à mettre ses lunettes de soleil et à aller se promener sur la plage",A1
2327,Mais très vite l'usage de la moto se répandit en commençant par être un outil de travail des professions libérales.,C1
4389,"Dans les zones urbaines des pays pauvres, les plats gras et sucrés, peu chers et immédiatement disponibles, concurrencent la nourriture traditionnelle, plus coûteuse et plus longue à préparer.",C1
766,"Ils insistent cependant afin que les animaux soient chassés seulement selon la méthode 'traditionnelle', ce qui exclut l'emploi de fusils de haute portée ou de bateaux mécanisés.",C1
4496,"Elles enragent souvent de cette horloge biologique implacable, mais peut-être sont-elles ainsi mieux préparées qu'eux à vieillir, du moins celles qui ne s'épuisent pas dans une vaine quête de l'éternelle jeunesse.",C1
4218,"Cinq ans plus tard, VGE mène une campagne présidentielle moderne, inspirée de celle de Kennedy aux États-Unis",C1
3255,"La première critique consistera à remarquer que Lafcadio fait reposer son passage à l'acte sur des signes extérieurs, en l'occurrence l'apparition ou la non apparition d'un feu dans la campagne",C2
202,"La salle craquait sous les bravos ; on recommença la strette entière ; les amoureux parlaient des fleurs de leur tombe, de serments, d'exil, de fatalité, d'espérances, et quand ils poussèrent l'adieu final, Emma jeta un cri aigu, qui se confondit avec la vibration des derniers accords.",C2
3510,Le chat a alors fait tomber la télécommande.,A1
1733,"En Chine, la Fête des mères a lieu le 2e dimanche de mai.",B1
2777,"Pour ma part, je préfère parfois voir des changements, que de voir de simples copier-coller qui respectent trop le livre, mais qui, au final, rendent le film inintéressant, sans originalité.",B2
1707,Cela peut être perçu comme étant très réducteur !,B2
3474,"De la même manière, on assiste aujourd'hui à la naissance d'un nouvel âge, analyse le sociologue Jean Viard, 56 ans.",C1
854,Je voudrais un café s'il-vous-plaît !,A1
4097,"Pour de multiples raisons, l'éducation s'est focalisée sur la spécialisation.",C2
2160,Finies mes journées tranquilles,C1
698,"Lorsque j'arrivais, j'apercevais dans les regards d'Ellénore une expression de plaisir.",C2
4748,La force des livres de Marie NDiaye réside dans la frontière indéterminée entre le réalisme et l'onirisme.,C2
2999,"Mais on entendit trois coups sur la scène; un roulement de timbales commença, les instruments de cuivre plaquèrent des accords, et le rideau, se levant, découvrit un paysage.",C2
3696,Il ne reste donc plus qu'à attendre.,A2
1636,Je me souviens d'un été durant lequel nous nous étions beaucoup déplacés en caravane,C2
3457,"Or les éleveurs du Montana craignent que les bisons transmettent à leurs bovins la brucellose, une maladie qui provoque l'avortement.",C1
3581,"Dans cette série TV (connue pour inspirer les geeks de tout âge et toute nationalité), le holodeck est une espèce de salle de jeu capable de matérialiser n'importe quel environnement, apparemment sans nécessiter aucune interface particulière.",C1
1291,La compagnie qui le gère est à majorité anglaise.,B1
1853,Et ils étaient plus de mille.,B1
3763,"Quand tu eus appelé à l'aide, ils vinrent nous porter secours",C2
3304,Je les ai abandonnés le jour où j'ai commencé à faire tenir des cahiers d'été à mes enfants et à créer des jeux avec eux,C2
4717,"Le fondateur, Aristide Finet, avait donné sa fille Désirée à son premier commis Hauchecorne ; lui, Baudu, débarqué rue de la Michodière avec sept francs dans sa poche, avait épousé la fille du père Hauchecorne, Élisabeth ; et il entendait à son tour céder sa fille Geneviève et la maison à Colomban, dès que les affaires reprendraient. S'il retardait ainsi un mariage décidé depuis trois ans, c'était par un scrupule, un entêtement de probité : il avait reçu la maison prospère, il ne voulait point la passer aux mains d'un gendre, avec une clientèle moindre et des opérations douteuses.",C2
3743,La réponse est oui.,A1
3445,"Le Conseil constitutionnel français a donc une grande autorité sur l'ensemble des institutions françaises, mais cette autorité est limitée au champ du contrôle de constitutionnalité.",B2
1998,Parlez-moi d'une journée habituelle.,A1
663,Un allongement du congé paternité peut contribuer à introduire plus d'égalité dans les couples.,B2
3748,"C'est alors qu'on le voyait, se promenant sur le Prater, porter dans un poing ostensiblement serré l'exquis mouchoir de lin jaune et noir qui évoquait à grands cris l'ordonnance de 1468 promulguée par un certain Pietro Barbo et exigeant que, la corde au cou, la race de Guido courût sur le Corso pour l'amusement de la populace chrétienne, cependant que les dames de noble naissance, assises sur des colonnes vertébrales trop raffinées pour se détendre, se levaient de leurs sièges et, en compagnie des cardinaux à robe rouge et des monsignori, applaudissaient avec l'abandon froid mais hystérique d'un peuple qui est tout ensemble injuste et heureux - le pape lui-même étant précipité de sa prise sur le ciel par le rire d'un homme qui renonce à ses anges pour récupérer la bête.",C2
4413,"Pareil pour les mathématiques , poursuit-il.",B2
709,s'écria-t-il.,B2
1282,"Pour Yak Rivais, le langage fait certes travailler le cerveau, mais aussi l'oeil et l'oreille.",B2
2675,"Il reste au lit un quart d'heure dans le noir avant de se lever, pour faire durer la nuit.",A2
4029,"Je vais te faire voyager, tu les reverras ces plages de sable blanc sur lequel u aimals courir avec tes parents avant d'aller manger des churros sur le port",C1
1306,Ils font à manger et ils nettoient toujours la cuisine juste après.,A2
2237,"Chez les Musulmans, par exemple, elle est obligatoire avant la prière.",B1
3302,"""Mon fils, allergique à la pollution, a fait une crise d'asthme terrible"" , se souvient-elle.",B1
2038,Mais je pense qu'il m'aide beaucoup.,A2
1529,Je suis persuadé que la robolution va profondément modifier notre système économique.,C2
1663,On a dû écouter nos parents,A2
4736,Je prends le train dimanche matin.,A1
4754,"Autre facteur, une plus faible médiatisation du sport féminin, avec ""moins de 20% du volume horaire des retransmissions sportives télévisuelles en 2016"", d'après des chiffres du Conseil supérieur de l'audiovisuel (CSA) cités dans l'étude.",C1
3627,Il faut bien faire attention à ses vêtements et à sa coiffure,A2
2693,"Le robot Philae s'assoupit sur la comète ""Tchouri"", après une mission historique qui a tenu en haleine et permis de récolter des données qui pourraient aider à comprendre les origines de la vie sur Terre.",B2
3060,Il a les cheveux blonds,A1
1597,Pourquoi il ne parle pas ?,A1
2729,"Dans les thérapies cognitives et comportementales (TCC) destinées aux addictions, on apprend à utiliser des stratégies pour résister aux envies irrépressibles.",C2
2625,"Son espace virtuel, unique en son genre, fête ses deux ans d'existence, et propose une belle collection d'alternatives au cahier de vacances",C2
3157,Il fait une promenade sur le Vieux Port,B1
3314,Victoire en 1906: la loi du 13 juillet instaure une trêve dominicale obligatoire.,C2
1722,"Yukihiro Kimura, inventeur du recyclage des couches-culottes en combustible, Yonago, Japon.",B2
1059,"Ils sont tolérants et compréhensifs, à condition que les enfants réussissent leurs études.",B2
4636,"C'est la commémoration, c'est-à-dire la fête anniversaire, de la fin de la Seconde Guerre mondiale.",A2
3242,"Les tenants de la décroissance enjoignent pour leur part à consommer moins, à travailler moins et à réformer en profondeur les modes de vie et notamment notre consommation.",C2
1678,"Au bout du petit matin, l'échouage hétéroclite, les puanteurs exacerbées de la corruption, les sodomies monstrueuses de l'hostie et du victimaire, les coltis infranchissables du préjugé et de la sottise, les prostitutions, les hypocrisies, les lubricités, les trahisons, les mensonges, les faux, les concussions - l'essoufflement des lâchetés insuffisantes, l'enthousiasme sans ahan aux poussis surnuméraires, les avidités, les hystéries, les perversions, les arlequinades de la misère, les estropiements, les prurits, les urticaires, les hamacs tièdes de la dégénérescence. Ici la parade des risibles et scrofuleux bubons, les poutures de microbes très étranges, le poisons sans alexitère connu, les sanies de plaies bien antiques, les fermentations imprévisibles d'espèces putrescibles.",C2
1757,Le rouge est la couleure des tomates et des fraises.,A1
4191,Vous êtes une femme très intelligente.,A1
563,"Il existera bien sûr des moyens détournés de tricher, mais l'accent sera mis sur la dissuasion, à la manière des contrôles antidopage, l'autre condition étant évidemment d'imaginer des sujets qui ne se prêtent pas au copier-coller.",B2
2790,J'ai beaucoup aimé le film sur les abeilles.,A2
863,On n'a pas peur de travailler.,A2
1484,"C'est un immeuble gris, pas très loin de l'école et de chez moi.",A2
206,"Il donna cette feuille à l'alouette, et lui ordonna de la laisser tomber sur la tête du dragon.",A2
4488,"Les jeunes beaux se pavanaient au parquet, étalant, dans l'ouverture de leur gilet, leur cravate rose ou vert pomme ; et Mme Bovary les admirait d'en haut, appuyant sur des badines à pomme d'or la paume tendue de leurs gants jaunes.",C1
870,J'ai la carte jeune.,A1
4493,"Dites-lui qu'un pauvre berger lui souhaite le bonjour, et qu'il le prie de le secourir .""",A2
502,Il regarde la télévision.,A1
1028,"Quand elle s'amusait dans la conversation, ses yeux se tournaient naturellement vers moi.",C2
3840,"Pour dissuader ses lycéens de faire les Beaux-arts, l'École du cirque ou de se diriger vers diplôme d'arts du spectacle, un proviseur avait coutume de leur raconter cette histoire : J'avais deux copains.",C1
2690,"Et grâce à ces nouvelles résolutions encourageantes, je dors bien mieux maintenant !",B1
1570,On dirait qu'il y a beaucoup de travaux à faire.,B1
2773,"L'effondrement de cet ensemble trop immense avait fractionné les routes de l'Ancien Monde, mais laissé des connaissances du lointain (Marco Polo) et des demandes devenues insatisfaites (les épices pour les Occidentaux).",C1
2731,"Tous les lundis, c'est la même chose",A1
804,"""La batterie est en dessous du niveau nécessaire pour faire fonctionner l'ordinateur central"", a dit M. Ulamec.",B1
3645,"Les enfants grands sont maudits par les dieux, c'est le vieux Zahor qui l'a dit.",B1
2454,"Et dans cette ville inerte, cette foule criarde si étonnamment passée à côté de son cri comme cette ville à côté de son mouvement, de son sens, sans inquiétude, à côté de son vrai cri, le seul qu'on eût voulu l'entendre crier parce qu'on le sent sien lui seul ; parce qu'on le sent habiter en elle dans quelque refuge profond d'ombre et d'orgueil, dans cette ville inerte, cette foule à côté de son cri de faim, de misère, de révolte, de haine, cette foule si étrangement bavarde et muette.",C2
4598,"Très bien, et est-ce que vous avez un téléphone portable ?",A2
3104,"Derrière ces jeunes, il y a très souvent des parents en grande difficulté à cause de la pauvreté ou du chômage.",B1
200,"Dans les campagnes, c'est différent !",A2
3099,"Un dépliant de 4 pages distribué en 13 millions d'exemplaires ""pour fen finir avec les idées reçues"" et démontrer qu l'on ne pourrait vivre dans un monde ""sans amour et zéro papier """,B2
2278,"Deuxièmement, Spinoza précise bien que les hommes ""se vantent"" d'être libre car le désir d'être libre, même illusoire, est beaucoup plus valorisant pour l'orgueil humain que l'idée d'être totalement déterminé",C2
3561,"Parfois, cette épreuve se passe mal, entre autonomie et dépendance, entre succès et échecs.",B2
4474,"Elle a les yeux pleins de larmes, et quand je m'approche d'elle pour lui prendre la main, elle recule.",B1
4514,"La droite voudrait préserver les restes de notre triple héritage, quitte à les adapter car, disait Churchill, il faut savoir couper les arbres pour que la forêt soit plus belle.",C2
391,Je suis professeur.,A1
1495,"Il marcha pendant un an et un jour, se nourrissant de fruits et de racines.",B1
2695,je fais attention.,A1
2027,J'ai réservé pour deux nuits.,A1
2568,"Le jour de la Fête des mères, la tradition consiste le plus souvent à offrir un petit cadeau aux mamans, comme en France.",A2
64,"Avec de l'expérience, le télévendeur peut devenir animateur d'un pôle de télévendeurs, superviseur d'équipe, chef de plateau.",B1
3884,"Toute tentative de remonter aux origines du langage humain deviendrait impossible et le mystère de la ""première langue"" ne serait jamais percé.",B2
2062,"Ils ont tout planifié six mois à l'avance, afin de bénéficier des tarifs les plus avantageux, ce qui leur a permis par exemple de réserver un hôtel quatre étoiles au lieu de trois",B2
492,Je m'appelle Jessica,A1
379,"Autrement dit, peut-on se contenter du sentiment de notre liberté pour en déduire son existence certaine",C2
3993,"Un enfant bilingue est éminemment favorisé par l'inexistence de toutes les contraintes, toutes les censures qui caractérisent l'adulte après 13 ans",C2
1076,"Longtemps, il fut une journée remplie d'obligations sociales.",C1
878,"Le soir, je regarde la télé jusqu'à 11 heures.",A1
337,Encore une fois.,A1
1016,"Lorsqu'une culture est assimilée par une autre, la langue menacée subit un processus qui passe généralement par trois étapes.",C1
1275,La blanquette est bonne.,A2
3798,"Mais, tout comme l'uploading du cerveau peut être considéré comme un archétype nous permettant de penser l'identité numérique, les rêveries de la nanotechnologie moléculaire apparaissent comme l'horizon lointain des recherches d'aujourd'hui.",C2
4551,Puis il précise : Je n'ai jamais cherché à corriger ou à accentuer mon accent.,B1
3342,Tu as réussi ton examen de maths ?,A2
995,Il passe la matinée au Mucem qui est un musée récent et très connu,B1
1981,"Une preuve en est que deux millions d'emplois en Europe, nécessitant des compétences scientifiques et technologiques, ne sont pas pourvus.",C1
4297,"Si tu diminues tes frais de gestion annuels, tu augmenteras tes bénéfices nets d'au moins trente pour cent.",C1
161,Je ne comprends pas.,A1
1500,Je n'ai pas très faim.,A1
3843,On va manger des glaces et des bonbons.,A1
2613,Les soeurs de Fabrice entrèrent chez leur mère tandis que comtesse cousait ces diamants dans l'habit de voyage de notre héros ; il rendait à ces pauvres femmes leurs chétifs napoléons.,B2
3461,C'est une charmante ville.,A1
1021,"Du surgelé, du réchauffé, du périmé et pire encore : de l'industrialisé se faisant passer pour du traditionnel !",B2
3073,"Les sénateurs, investis par le suffrage universel indirect de tous les droits et obligations attachés à la fonction parlementaire, sont élus pour six ans par un collège électoral de plus de 160 000 élus.",C1
3943,Il ne les enferme pas dans des cadres étanches de civilisations qui s'entrechoquent.,C2
1585,Je reste à la maison,A1
1955,Et puis après quelques jours tout était plus facile.,B1
3152,Je prends congé aujourd'hui : je suis fatigué et j'ai besoin de repos.,A2
34,"En voici un des moins obscurs : ""Plus nous devenons maîtres de la biosphère, plus nous en devenons dépendants ; plus nous la dégradons, plus nous dégradons nos vies5.",C2
4014,"Nous crûmes qu'il avait commis une erreur fatale à leur salut mais finalement, ils fûrent délivrés pas le destin.",C2
775,"Enfin, les producteurs s'inquiètent de la pollution que peuvent entraîner ces équipements qui contiennent parfois des substances dangereuses.",B2
2556,"Devant la maison, il y a une cour minuscule.",A2
1478,"Selon les familles, la soirée peut être animée par des lectures de contes horrifiques ou de poème évoquant Halloween.",B2
1363,Peut-on évoquer des sujets sérieux avec un accent du Sud de la France ?,B1
2612,Va-t'en !,A1
2824,"Maintenant que je le connais, je n'ai plus peur !",A2
2041,Il a mal à la tête à cause de la musique.,A1
241,Un journaliste de Art Press a interviewé Agathe sur la performance dans laquelle elle a participé.,B2
2061,"Deux fois, malgré sa pauvreté, la comtesse vint passer quelques jours à Milan ; il s'agissait de voir un ballet sublime de Vigano, donné au théâtre de la Scala, et le marquis ne défendait point à sa femme d'accompagner sa belle-soeur.",C1
2363,J'ai passé une très bonne journée de vacances.,A1
600,"Dès que nous eûmes reçu de ses nouvelles, nous fûmes soulagés",C2
2435,"À cette époque, les conventions d'appellation modernes ne se sont pas encore développées en Europe.",C1
2888,"Quoique en Turquie le premier gueux en haillons aille s'asseoir sur le divan des cafés auprès du Turc le plus somptueusement vêtu sans que celui-ci se recule pour éviter à sa manche bordée d'or le contact d'une loque effilochée et graisseuse, cependant certaines classes ont leurs lieux de réceptions habituels, et le café à la fontaine de marbre est un des mieux hantés de la ville.",C1
646,C'est dans ce village de 1638 habitants que sont implantés les locaux de la nouvelle émission de téléréalité.,A2
3890,"Cette situation pourrait laisser croire qu'il y a un retard dans l'apprentissage d'une des deux langues, mais quand on étudie le vocabulaire des enfants bilingues et monolingues à trois ans, on trouve le même nombre de mots, en moyenne.",B1
3556,Des parents qui n'arrivent pas à exercer pleinement leur autorité.,B1
3202,"D'abord, les produits fabriqués en France sont en moyenne 30 pour cent plus chers que les autres",B2
1528,"Toi, tu peux apporter un jus de fruits.",A1
1267,"Sans enfants à cinquante-neuf ans, Guido avait, de son propre coeur, préparé pour son enfant à venir un coeur modelé sur sa propre préoccupation : l'hommage sans remords à la noblesse, la génuflexion que fait par contraction musculaire le corps pourchassé en s'affalant devant ce qui est imminent et inaccessible comme devant une grande chaleur.",C2
1899,"Entre 47 et 53 ans, un chômeur a 1 chance sur 10 de retrouver un contrat à durée indéterminée, déplore Jacques Gosselin, qui a créé il y a un an la Fédération interrégionale pour le développement de l'emploi des seniors.",C1
4658,"Pour la première fois, après trente-trois jours de fureur, Fabrice comprit le fin mot de tout ce qui lui arrivait.",B2
3005,"Pour chaque histoire, j'écoute l'audio et en même j'écris ce que je comprends.",B1
2734,Vous regardez la télévision.,A1
189,"Ce phénomène, c'est l'apparition d'une génération inédite.",B2
1806,"Ainsi en a décidé le très puritain George Bush, avec la bénédiction de la féministe Hillary Clinton.",C1
975,Je suis complètement en sécurité car j'ai une entière confiance en lui.,B1
2747,Elle voulut parler : je lui demandai de m'écouter.,C2
2047,"Quand il doit rencontrer un client important, Marc n'hésite pas à s'habiller sobrement",B1
2558,Un ami m'a écrit une lettre.,A1
1082,On a eu aucune nouvelle de cette personne depuis le 15 août.,B1
474,J'ai posé le courrier sur la table.,A2
2904,"Si le député avait respecté les électeurs, il aurait démissionné de son plein gré.",B2
4117,"Devant chaque porte se trouvait une botte de paille, pour empêcher le froid de passer dessous.",C1
3385,Le second s'appelle Yann et il a neuf ans,A1
4555,"Je suis, avec un peu de mépris peut-être, votre très humble servante,"" Gina Pietranera.",C1
1184,"Mis en place par l'éco-organisme Récylum, ce dispositif intéresse en premier lieu les entreprises du bâtiment, mais aussi les industries et les collectivités territoriales, qui détiennent du matériel (alarmes incendie, caméras de surveillance) qui ne fonctionne plus.",B2
2433,"Dans un premier temps, les locuteurs subissent une très forte pression - politique, sociale ou économique - pour parler la langue dominante.",C1
2391,La discipline est encore considérée comme réservée aux hommes.,B2
769,L'été c'est le 21 juin et les beaux jours sont là !,A1
1685,"Boum voilà, on arrive, on veut faire du vélo en famille et on a les vacances.",B1
130,Sa santé s'est dégradée à cause d'une infection sévère et ses jours sont comptés.,B2
2919,"Aussitôt un soldat appelé par l'adjudant lui mit la main sur le collet ; un autre soldat prit soin des chevaux, et, d'un air sévère, l'adjudant ordonna à Fabrice de le suivre sans répliquer.",C1
3171,"En règle générale, l'exploitation sélective qui en résulte n'entraîne pas de déboisement massif.",B2
3444,"Il jugeait que ses déclarations ""ouvertement politiques"" auraient un ""impact toxique"" sur les relations entre le Congrès et la Maison Blanche.",B2
4426,C'est très gentil de sa part !,A2
466,Alexandre aimait réviser à l'université pour flirter avec des filles de la faculté de droit,B1
3092,"Socrate incarne, en effet, le sage qui sait distinguer entre les désirs à poursuivre ou à ne pas poursuivre, qui sait se gouverner lui-même et qui est en mesure d'accéder à une véritable autonomie de la volonté",C2
3772,Nous sommes en vacances chez des amis.,A1
860,Tu était déjà allé voir cette pièce de théâtre ?,A2
